screen object,file,ad texture,format,kind,panels,width (studs),height (studs)
SCR_A_Corner_NE_01,A,AD_RamenIchiban.png,X,storefront,1,10.08,2.52
SCR_A_Corner_NE_02C,A,AD_ShibuyaKanji.png,P,curved,18,133.99,50.31
SCR_A_Corner_NE_03C,A,AD_DataStream.png,X,curved,16,112.04,28.04
SCR_A_Corner_NW_01,A,AD_NewsTicker.png,X,storefront,1,9.54,2.39
SCR_A_Corner_NW_02,A,AD_NanoMed.png,X,storefront,1,11.36,2.84
SCR_A_Corner_NW_03,A,AD_MiraiBank.png,X,storefront,1,11.17,2.79
SCR_A_Corner_NW_04,A,AD_MegaSale.png,W,giant,1,60.3,30.15
SCR_A_Corner_NW_05,A,AD_SakuraLink.png,W,giant,1,59.5,29.75
SCR_A_Corner_NW_06,A,AD_AkaiMotors.png,W,rooftop,1,64.0,32.0
SCR_A_Corner_SE_01,A,AD_TipOff.png,X,storefront,1,5.76,1.44
SCR_A_Corner_SE_02,A,AD_DataStream.png,X,storefront,1,7.02,1.75
SCR_A_Corner_SE_03,A,AD_NanoMed.png,X,storefront,1,11.43,2.86
SCR_A_Corner_SE_04,A,AD_MiraiBank.png,X,storefront,1,12.59,3.15
SCR_A_Corner_SE_05,A,AD_AikoLive.png,T,giant,1,42.08,84.17
SCR_A_Corner_SE_06,A,AD_RamenIchiban.png,X,ticker,1,40.08,10.02
SCR_A_Corner_SW_01,A,AD_KoiAir.png,X,storefront,1,6.21,1.55
SCR_A_Corner_SW_02,A,AD_DataStream.png,X,storefront,1,6.21,1.55
SCR_A_Corner_SW_03,A,AD_TipOff.png,X,storefront,1,6.21,1.55
SCR_A_Corner_SW_04C,A,AD_Titan3.png,P,curved,20,137.02,50
SCR_A_Corner_SW_05,A,AD_Tokyo2099.png,S,holo,1,12,48
SCR_A_E_01_Zakkyo_01,A,AD_SushiSpeed.png,W,stack,1,10.0,5.0
SCR_A_E_01_Zakkyo_02,A,AD_MegaSale.png,W,stack,1,10.0,5.0
SCR_A_E_01_Zakkyo_03,A,AD_MegaSale.png,W,stack,1,10.0,5.0
SCR_A_E_01_Zakkyo_04,A,AD_YumeOptics.png,W,stack,1,10.0,5.0
SCR_A_E_01_Zakkyo_05,A,AD_PlayHex.png,W,rooftop,1,32.04,16.02
SCR_A_E_02_Mansion_01,A,AD_AkaiMotors.png,W,rooftop,1,47.54,23.77
SCR_A_E_02_Mansion_02,A,AD_PlayHex.png,W,crown,1,24.94,12.47
SCR_A_E_03_Zakkyo_01,A,AD_MindUpload.png,W,rooftop,1,25.64,12.82
SCR_A_E_04_Pencil_01H,A,AD_HoloKoi.png,S,holo,1,5.0,40.0
SCR_A_E_04_Pencil_02H,A,AD_Cyber.png,S,holo,1,5.0,40.0
SCR_A_E_07_Arcade_01,A,AD_TipOff.png,X,storefront,1,8.01,2.0
SCR_A_E_07_Arcade_02,A,AD_NewsTicker.png,X,storefront,1,8.03,2.01
SCR_A_E_07_Arcade_03,A,AD_SynthFM.png,W,arcade,1,23.8,11.9
SCR_A_E_07_Arcade_04,A,AD_HoloKoi.png,S,holo,1,5.29,21.17
SCR_A_E_07_Arcade_05,A,AD_Tokyo2099.png,S,holo,1,5.29,21.17
SCR_A_E_07_Arcade_06,A,AD_KoiAir.png,X,ticker,1,23.8,5.95
SCR_A_E_08_Zakkyo_01,A,AD_SynthFM.png,W,stack,1,10.0,5.0
SCR_A_E_08_Zakkyo_02,A,AD_MindUpload.png,W,stack,1,10.0,5.0
SCR_A_E_09_Zakkyo_01,A,AD_VoltRunner.png,W,cantilever,1,15.84,7.92
SCR_A_E_09_Zakkyo_02,A,AD_VoltRunner.png,W,crown,1,15.84,7.92
SCR_A_E_11_Mansion_01,A,AD_KirinDeck.png,W,cantilever,1,23.0,11.5
SCR_A_E_12_Pencil_01,A,AD_HoloDancer.png,S,giant,1,6.22,24.87
SCR_A_E_13_Louver_01,A,AD_SushiSpeed.png,W,cantilever,1,19.93,9.96
SCR_A_E_14_Mansion_01,A,AD_HexLeague.png,W,stack,1,10.0,5.0
SCR_A_E_14_Mansion_02,A,AD_HexLeague.png,W,stack,1,10.0,5.0
SCR_A_E_15_Arcade_01,A,AD_DataStream.png,X,storefront,1,5.98,1.5
SCR_A_E_15_Arcade_02,A,AD_YumeOptics.png,W,arcade,1,16.86,9.57
SCR_A_E_15_Arcade_03,A,AD_SakuraLink.png,W,arcade,1,16.86,9.57
SCR_A_E_15_Arcade_04,A,AD_YumeOptics.png,W,arcade,1,16.86,9.57
SCR_A_E_15_Arcade_05,A,AD_HexLeague.png,W,arcade,1,16.86,9.57
SCR_A_E_15_Arcade_06,A,AD_SakuraLink.png,W,arcade,1,16.86,9.57
SCR_A_E_15_Arcade_07,A,AD_KirinDeck.png,W,arcade,1,16.86,9.57
SCR_A_E_15_Arcade_08,A,AD_AkaiMotors.png,W,arcade,1,16.86,9.57
SCR_A_E_15_Arcade_09,A,AD_SakuraLink.png,W,arcade,1,16.86,9.57
SCR_A_E_15_Arcade_10,A,AD_MegaSale.png,W,arcade,1,16.86,9.57
SCR_A_E_15_Arcade_11,A,AD_SynthFM.png,W,arcade,1,16.86,9.57
SCR_A_E_15_Arcade_12,A,AD_HexLeague.png,W,arcade,1,16.86,9.57
SCR_A_E_15_Arcade_13,A,AD_KirinDeck.png,W,arcade,1,16.86,9.57
SCR_A_E_15_Arcade_14,A,AD_KirinDeck.png,W,arcade,1,16.86,9.57
SCR_A_E_15_Arcade_15,A,AD_SynthFM.png,W,arcade,1,16.86,9.57
SCR_A_E_15_Arcade_16,A,AD_VoltRunner.png,W,arcade,1,16.86,9.57
SCR_A_E_15_Arcade_17,A,AD_SakuraLink.png,W,arcade,1,16.86,9.57
SCR_A_E_15_Arcade_18,A,AD_PlayHex.png,W,arcade,1,16.86,9.57
SCR_A_E_15_Arcade_19,A,AD_YumeOptics.png,W,arcade,1,16.86,9.57
SCR_A_E_16_Mansion_01,A,AD_MiraiBank.png,X,storefront,1,9.92,2.48
SCR_A_E_17_Zakkyo_01,A,AD_AkaiMotors.png,W,stack,1,10.0,5.0
SCR_A_E_17_Zakkyo_02,A,AD_SushiSpeed.png,W,stack,1,10.0,5.0
SCR_A_E_17_Zakkyo_03,A,AD_PlayHex.png,W,stack,1,10.0,5.0
SCR_A_E_17_Zakkyo_04,A,AD_AkaiMotors.png,W,stack,1,10.0,5.0
SCR_A_E_18_LMGlassEnt_01,A,AD_DenkiCola.png,T,giant,1,36.6,73.2
SCR_A_E_18_LMGlassEnt_02,A,AD_MegaSale.png,W,layered,1,22.0,11.0
SCR_A_E_18_LMGlassEnt_03,A,AD_VoltRunner.png,W,sky,1,80.0,40.0
SCR_A_E_19_Mansion_01,A,AD_MindUpload.png,W,stack,1,10.0,5.0
SCR_A_E_19_Mansion_02,A,AD_YumeOptics.png,W,stack,1,10.0,5.0
SCR_A_E_19_Mansion_03,A,AD_SushiSpeed.png,W,stack,1,10.0,5.0
SCR_A_E_19_Mansion_04,A,AD_SynthFM.png,W,stack,1,10.0,5.0
SCR_A_E_19_Mansion_05,A,AD_VoltRunner.png,W,crown,1,36.39,18.2
SCR_A_E_19_Mansion_06,A,AD_MegaSale.png,W,rooftop,1,48.39,24.2
SCR_A_E_20_Zakkyo_01,A,AD_NewsTicker.png,X,storefront,1,5.44,1.36
SCR_A_E_20_Zakkyo_02,A,AD_SushiSpeed.png,W,cantilever,1,13.94,6.97
SCR_A_E_21_Modern_01,A,AD_RamenIchiban.png,X,storefront,1,8.24,2.06
SCR_A_E_21_Modern_02,A,AD_MindUpload.png,W,rooftop,1,53.01,26.51
SCR_A_E_22_Mansion_01,A,AD_KoiAir.png,X,storefront,1,10.36,2.59
SCR_A_E_22_Mansion_02,A,AD_AikoLive.png,T,giant,1,28.99,56.0
SCR_A_E_23_Louver_01,A,AD_MiraiBank.png,X,storefront,1,6.89,1.72
SCR_A_E_23_Louver_02,A,AD_TipOff.png,X,storefront,1,4.4,1.1
SCR_A_Gate_E0_01,A,AD_SakuraLink.png,W,suspended,1,63.2,31.6
SCR_A_Gate_E0_02,A,AD_PlayHex.png,W,suspended,1,63.2,31.6
SCR_A_Gate_N1_01,A,AD_SynthFM.png,W,suspended,1,63.2,31.6
SCR_A_Gate_N1_02,A,AD_SushiSpeed.png,W,suspended,1,63.2,31.6
SCR_A_Gate_S2_01,A,AD_VoltRunner.png,W,suspended,1,63.2,31.6
SCR_A_Gate_S2_02,A,AD_HexLeague.png,W,suspended,1,63.2,31.6
SCR_A_Gate_W3_01,A,AD_PlayHex.png,W,suspended,1,63.2,31.6
SCR_A_Gate_W3_02,A,AD_SynthFM.png,W,suspended,1,63.2,31.6
SCR_A_N_01_Louver_01,A,AD_MindUpload.png,W,stack,1,10.0,5.0
SCR_A_N_01_Louver_02,A,AD_SakuraLink.png,W,stack,1,10.0,5.0
SCR_A_N_01_Louver_03,A,AD_SynthFM.png,W,stack,1,10.0,5.0
SCR_A_N_01_Louver_04,A,AD_PlayHex.png,W,stack,1,10.0,5.0
SCR_A_N_02_Mansion_01,A,AD_SakuraLink.png,W,giant,1,29.2,14.6
SCR_A_N_03_Zakkyo_01,A,AD_VoltRunner.png,W,stack,1,10.0,5.0
SCR_A_N_03_Zakkyo_02,A,AD_HexLeague.png,W,stack,1,10.0,5.0
SCR_A_N_04_Low_01,A,AD_RamenIchiban.png,X,storefront,1,11.88,2.97
SCR_A_N_04_Low_02,A,AD_NanoMed.png,X,storefront,1,9.45,2.36
SCR_A_N_04_Low_03,A,AD_HexLeague.png,W,rooftop,1,24.43,12.21
SCR_A_N_05_Zakkyo_01,A,AD_KoiAir.png,X,storefront,1,7.14,1.78
SCR_A_N_05_Zakkyo_02,A,AD_RamenIchiban.png,X,storefront,1,6.43,1.61
SCR_A_N_05_Zakkyo_03,A,AD_NexusAndroids.png,T,giant,1,25.3,50.6
SCR_A_N_06_Modern_01,A,AD_MindUpload.png,W,rooftop,1,33.75,16.88
SCR_A_N_07_Pencil_01,A,AD_HoloDancer.png,S,giant,1,8.0,32.0
SCR_A_N_08_Zakkyo_01,A,AD_PlayHex.png,W,stack,1,10.0,5.0
SCR_A_N_08_Zakkyo_02,A,AD_SushiSpeed.png,W,stack,1,10.0,5.0
SCR_A_N_08_Zakkyo_03,A,AD_YumeOptics.png,W,stack,1,10.0,5.0
SCR_A_N_09_Low_01,A,AD_TipOff.png,X,storefront,1,4.29,1.07
SCR_A_N_09_Low_02,A,AD_KirinDeck.png,W,rooftop,1,24.76,12.38
SCR_A_N_10_Pencil_01,A,AD_MatchaPlus.png,S,giant,1,8.0,32.0
SCR_A_N_11_Pencil_01H,A,AD_BladeEdge.png,S,holo,1,5.0,40.0
SCR_A_N_11_Pencil_02H,A,AD_Tokyo2099.png,S,holo,1,5.0,40.0
SCR_A_N_12_Arcade_01,A,AD_AkaiMotors.png,W,arcade,1,19.82,11.8
SCR_A_N_12_Arcade_02,A,AD_AkaiMotors.png,W,arcade,1,19.82,11.8
SCR_A_N_12_Arcade_03,A,AD_SushiSpeed.png,W,arcade,1,19.82,11.8
SCR_A_N_12_Arcade_04,A,AD_PlayHex.png,W,arcade,1,19.82,11.8
SCR_A_N_12_Arcade_05,A,AD_MegaSale.png,W,arcade,1,19.82,11.8
SCR_A_N_12_Arcade_06,A,AD_KirinDeck.png,W,arcade,1,19.82,11.8
SCR_A_N_12_Arcade_07,A,AD_PlayHex.png,W,arcade,1,19.82,11.8
SCR_A_N_12_Arcade_08,A,AD_YumeOptics.png,W,arcade,1,19.82,11.8
SCR_A_N_12_Arcade_09,A,AD_YumeOptics.png,W,arcade,1,19.82,11.8
SCR_A_N_12_Arcade_10,A,AD_SynthFM.png,W,arcade,1,19.82,11.8
SCR_A_N_13_Low_01,A,AD_KirinDeck.png,W,rooftop,1,24.45,12.22
SCR_A_N_14_Zakkyo_01,A,AD_MiraiBank.png,X,storefront,1,11.07,2.77
SCR_A_N_15_Pencil_01,A,AD_MatchaPlus.png,S,giant,1,6.41,25.63
SCR_A_N_16_Zakkyo_01,A,AD_MatchaPlus.png,S,giant,1,5.92,23.67
SCR_A_N_17_LMStacked_01,A,AD_NoirParfum.png,T,giant,1,16.78,33.55
SCR_A_N_17_LMStacked_02,A,AD_SakuraLink.png,W,layered,1,22.0,11.0
SCR_A_N_17_LMStacked_03,A,AD_HexLeague.png,W,sky,1,80.0,40.0
SCR_A_N_18_Zakkyo_01,A,AD_Tokyo2099.png,S,giant,1,7.82,31.28
SCR_A_N_19_Zakkyo_01,A,AD_NanoMed.png,X,storefront,1,6.81,1.7
SCR_A_N_21_Pencil_01,A,AD_DataStream.png,X,storefront,1,10.9,2.73
SCR_A_N_21_Pencil_02,A,AD_HoloDancer.png,S,giant,1,5.9,23.59
SCR_A_N_22_Modern_01,A,AD_KoiAir.png,X,storefront,1,5.92,1.48
SCR_A_N_22_Modern_02,A,AD_MindUpload.png,W,stack,1,10.0,5.0
SCR_A_N_22_Modern_03,A,AD_MindUpload.png,W,stack,1,10.0,5.0
SCR_A_N_22_Modern_04,A,AD_SakuraLink.png,W,stack,1,10.0,5.0
SCR_A_N_22_Modern_05,A,AD_MegaSale.png,W,stack,1,10.0,5.0
SCR_A_N_22_Modern_06,A,AD_KirinDeck.png,W,crown,1,19.06,9.53
SCR_A_N_23_Zakkyo_01H,A,AD_HoloKoi.png,S,holo,1,5.0,40.0
SCR_A_N_23_Zakkyo_02H,A,AD_BladeEdge.png,S,holo,1,5.0,40.0
SCR_A_N_24_Zakkyo_01,A,AD_NanoMed.png,X,storefront,1,7.17,1.79
SCR_A_N_24_Zakkyo_02,A,AD_SushiSpeed.png,W,stack,1,10.0,5.0
SCR_A_N_24_Zakkyo_03,A,AD_MegaSale.png,W,stack,1,10.0,5.0
SCR_A_N_24_Zakkyo_04,A,AD_VoltRunner.png,W,stack,1,10.0,5.0
SCR_A_N_24_Zakkyo_05,A,AD_SynthFM.png,W,stack,1,10.0,5.0
SCR_A_N_25_Mansion_01,A,AD_HexLeague.png,W,crown,1,22.99,11.5
SCR_A_N_26_Zakkyo_01,A,AD_AkaiMotors.png,W,stack,1,10.0,5.0
SCR_A_N_26_Zakkyo_02,A,AD_MegaSale.png,W,stack,1,10.0,5.0
SCR_A_N_26_Zakkyo_03,A,AD_YumeOptics.png,W,rooftop,1,31.04,15.52
SCR_A_N_28_Arcade_01,A,AD_HexLeague.png,W,arcade,1,26.48,13.24
SCR_A_N_28_Arcade_02,A,AD_BladeEdge.png,S,holo,1,6.11,24.45
SCR_A_N_28_Arcade_03,A,AD_Cyber.png,S,holo,1,6.11,24.45
SCR_A_N_28_Arcade_04,A,AD_MiraiBank.png,X,ticker,1,26.48,6.62
SCR_A_N_29_Zakkyo_01,A,AD_RamenIchiban.png,X,storefront,1,6.25,1.56
SCR_A_N_29_Zakkyo_02,A,AD_VoltRunner.png,W,stack,1,10.0,5.0
SCR_A_N_29_Zakkyo_03,A,AD_MindUpload.png,W,stack,1,10.0,5.0
SCR_A_N_29_Zakkyo_04,A,AD_VoltRunner.png,W,rooftop,1,38.99,19.49
SCR_A_N_29_Zakkyo_05,A,AD_SynthFM.png,W,crown,1,20.51,10.25
SCR_A_N_30_Pencil_01,A,AD_HoloDancer.png,S,giant,1,6.05,24.2
SCR_A_N_31_Mansion_01,A,AD_NanoMed.png,X,storefront,1,7.62,1.91
SCR_A_N_31_Mansion_02,A,AD_SushiSpeed.png,W,cantilever,1,30.58,15.29
SCR_A_N_31_Mansion_03,A,AD_SakuraLink.png,W,rooftop,1,43.84,21.92
SCR_A_N_32_Zakkyo_01,A,AD_AkaiMotors.png,W,cantilever,1,14.96,7.48
SCR_A_N_32_Zakkyo_02,A,AD_KirinDeck.png,W,crown,1,17.87,8.93
SCR_A_S_01_Zakkyo_01,A,AD_TipOff.png,X,storefront,1,10.34,2.58
SCR_A_S_01_Zakkyo_02,A,AD_PlayHex.png,W,stack,1,10.0,5.0
SCR_A_S_01_Zakkyo_03,A,AD_HexLeague.png,W,stack,1,10.0,5.0
SCR_A_S_02_Mansion_01,A,AD_SakuraLink.png,W,stack,1,10.0,5.0
SCR_A_S_02_Mansion_02,A,AD_VoltRunner.png,W,stack,1,10.0,5.0
SCR_A_S_04_Pencil_01,A,AD_NewsTicker.png,X,storefront,1,10.3,2.58
SCR_A_S_04_Pencil_02,A,AD_HoloKoi.png,S,giant,1,5.51,22.05
SCR_A_S_05_Zakkyo_01,A,AD_DataStream.png,X,storefront,1,9.39,2.35
SCR_A_S_06_Modern_01,A,AD_KoiAir.png,X,storefront,1,16.0,4.0
SCR_A_S_07_LMRooftop_01,A,AD_NewsTicker.png,X,storefront,1,10.4,2.6
SCR_A_S_07_LMRooftop_02,A,AD_ArashiSec.png,T,giant,1,37.7,75.4
SCR_A_S_07_LMRooftop_03,A,AD_YumeOptics.png,W,layered,1,22.0,11.0
SCR_A_S_07_LMRooftop_04,A,AD_NoirParfum.png,T,sky,1,79.7,159.4
SCR_A_S_08_Zakkyo_01,A,AD_TipOff.png,X,storefront,1,10.43,2.61
SCR_A_S_08_Zakkyo_02,A,AD_PlayHex.png,W,rooftop,1,32.05,16.02
SCR_A_S_11_Modern_01,A,AD_NanoMed.png,X,storefront,1,16.0,4.0
SCR_A_S_11_Modern_02,A,AD_MindUpload.png,W,stack,1,10.0,5.0
SCR_A_S_11_Modern_03,A,AD_SushiSpeed.png,W,stack,1,10.0,5.0
SCR_A_S_11_Modern_04,A,AD_SynthFM.png,W,stack,1,10.0,5.0
SCR_A_S_11_Modern_05,A,AD_MegaSale.png,W,stack,1,10.0,5.0
SCR_A_S_11_Modern_06,A,AD_AkaiMotors.png,W,crown,1,19.14,9.57
SCR_A_S_12_Zakkyo_01,A,AD_DataStream.png,X,storefront,1,8.0,2.0
SCR_A_S_12_Zakkyo_02,A,AD_VoltRunner.png,W,stack,1,10.0,5.0
SCR_A_S_12_Zakkyo_03,A,AD_SynthFM.png,W,stack,1,10.0,5.0
SCR_A_S_12_Zakkyo_04,A,AD_KirinDeck.png,W,stack,1,10.0,5.0
SCR_A_S_13_Modern_01,A,AD_NanoMed.png,X,storefront,1,6.13,1.53
SCR_A_S_13_Modern_02,A,AD_MegaSale.png,W,rooftop,1,31.52,15.76
SCR_A_S_14_Zakkyo_01,A,AD_DataStream.png,X,storefront,1,5.74,1.44
SCR_A_S_14_Zakkyo_02,A,AD_PlayHex.png,W,stack,1,10.0,5.0
SCR_A_S_14_Zakkyo_03,A,AD_SakuraLink.png,W,stack,1,10.0,5.0
SCR_A_S_14_Zakkyo_04,A,AD_KirinDeck.png,W,stack,1,10.0,5.0
SCR_A_S_14_Zakkyo_05,A,AD_SushiSpeed.png,W,rooftop,1,29.84,14.92
SCR_A_S_15_Modern_01,A,AD_NewsTicker.png,X,storefront,1,7.68,1.92
SCR_A_S_16_Modern_01,A,AD_TipOff.png,X,storefront,1,8.42,2.1
SCR_A_S_17_Low_01,A,AD_MindUpload.png,W,rooftop,1,20.3,10.15
SCR_A_S_18_Modern_01,A,AD_YumeOptics.png,W,stack,1,10.0,5.0
SCR_A_S_18_Modern_02,A,AD_AkaiMotors.png,W,stack,1,10.0,5.0
SCR_A_S_18_Modern_03,A,AD_KirinDeck.png,W,stack,1,10.0,5.0
SCR_A_S_19_Arcade_01,A,AD_Karaoke24.png,Q,arcade,1,9.0,9.0
SCR_A_S_19_Arcade_02,A,AD_RyuGames.png,Q,arcade,1,9.0,9.0
SCR_A_S_19_Arcade_03,A,AD_NexusAndroids.png,T,arcade,1,4.5,9.0
SCR_A_S_19_Arcade_04,A,AD_MindUpload.png,W,arcade,1,18.0,9.0
SCR_A_S_19_Arcade_05,A,AD_DenkiCola.png,T,arcade,1,4.5,9.0
SCR_A_S_19_Arcade_06,A,AD_RyuGames.png,Q,arcade,1,9.0,9.0
SCR_A_S_19_Arcade_07,A,AD_Onigiri24.png,Q,arcade,1,11.0,11.0
SCR_A_S_19_Arcade_08,A,AD_SynthFM.png,W,arcade,1,22.0,11.0
SCR_A_S_19_Arcade_09,A,AD_CourtKings.png,Q,arcade,1,11.0,11.0
SCR_A_S_19_Arcade_10,A,AD_HexLeague.png,W,arcade,1,22.0,11.0
SCR_A_S_19_Arcade_11,A,AD_OkamiArms.png,T,arcade,1,3.5,7.0
SCR_A_S_19_Arcade_12,A,AD_CourtKings.png,Q,arcade,1,7.0,7.0
SCR_A_S_19_Arcade_13,A,AD_MegaSale.png,W,arcade,1,14.0,7.0
SCR_A_S_19_Arcade_14,A,AD_Hanabi.png,Q,arcade,1,7.0,7.0
SCR_A_S_20_Mansion_01,A,AD_RamenIchiban.png,X,storefront,1,8.19,2.05
SCR_A_S_20_Mansion_02,A,AD_DataStream.png,X,storefront,1,8.04,2.01
SCR_A_S_20_Mansion_03,A,AD_SakuraLink.png,W,cantilever,1,24.84,12.42
SCR_A_S_21_Zakkyo_01,A,AD_NewsTicker.png,X,storefront,1,13.43,3.36
SCR_A_S_21_Zakkyo_02,A,AD_MatchaPlus.png,S,giant,1,7.51,30.06
SCR_A_S_22_Zakkyo_01,A,AD_BladeEdge.png,S,giant,1,6.81,27.24
SCR_A_S_23_Zakkyo_01,A,AD_KoiAir.png,X,storefront,1,9.39,2.35
SCR_A_S_23_Zakkyo_02,A,AD_RamenIchiban.png,X,storefront,1,8.81,2.2
SCR_A_S_23_Zakkyo_03,A,AD_HexLeagueTall.png,T,giant,1,24.35,48.7
SCR_A_S_24_Mansion_01,A,AD_HexLeague.png,W,stack,1,10.0,5.0
SCR_A_S_24_Mansion_02,A,AD_YumeOptics.png,W,stack,1,10.0,5.0
SCR_A_S_24_Mansion_03,A,AD_AkaiMotors.png,W,stack,1,10.0,5.0
SCR_A_S_24_Mansion_04,A,AD_HexLeague.png,W,stack,1,10.0,5.0
SCR_A_S_25_Zakkyo_01,A,AD_MiraiBank.png,X,storefront,1,9.46,2.36
SCR_A_S_25_Zakkyo_02,A,AD_SynthFM.png,W,rooftop,1,29.15,14.57
SCR_A_S_25_Zakkyo_03,A,AD_MegaSale.png,W,crown,1,8.96,4.48
SCR_A_S_26_Louver_01,A,AD_AkaiMotors.png,W,stack,1,10.0,5.0
SCR_A_S_26_Louver_02,A,AD_KirinDeck.png,W,stack,1,10.0,5.0
SCR_A_S_27_Zakkyo_01,A,AD_SushiSpeed.png,W,stack,1,10.0,5.0
SCR_A_S_27_Zakkyo_02,A,AD_VoltRunner.png,W,stack,1,10.0,5.0
SCR_A_S_28_Low_01,A,AD_KoiAir.png,X,storefront,1,8.93,2.23
SCR_A_S_28_Low_02,A,AD_VoltRunner.png,W,rooftop,1,32.45,16.23
SCR_A_W_01_Pencil_01,A,AD_NewsTicker.png,X,storefront,1,13.36,3.34
SCR_A_W_01_Pencil_02H,A,AD_Tokyo2099.png,S,holo,1,5.0,40.0
SCR_A_W_01_Pencil_03H,A,AD_Cyber.png,S,holo,1,5.0,40.0
SCR_A_W_02_Louver_01,A,AD_YumeOptics.png,W,stack,1,10.0,5.0
SCR_A_W_02_Louver_02,A,AD_SakuraLink.png,W,stack,1,10.0,5.0
SCR_A_W_02_Louver_03,A,AD_PlayHex.png,W,stack,1,10.0,5.0
SCR_A_W_02_Louver_04,A,AD_YumeOptics.png,W,crown,1,22.56,11.28
SCR_A_W_03_Low_01,A,AD_VoltRunner.png,W,rooftop,1,28.97,14.49
SCR_A_W_04_Zakkyo_01,A,AD_NanoMed.png,X,storefront,1,10.75,2.69
SCR_A_W_04_Zakkyo_02,A,AD_SakuraLink.png,W,stack,1,10.0,5.0
SCR_A_W_04_Zakkyo_03,A,AD_SushiSpeed.png,W,stack,1,10.0,5.0
SCR_A_W_04_Zakkyo_04,A,AD_MegaSale.png,W,stack,1,10.0,5.0
SCR_A_W_06_Zakkyo_01,A,AD_RamenIchiban.png,X,storefront,1,11.41,2.85
SCR_A_W_07_Zakkyo_01,A,AD_DataStream.png,X,storefront,1,11.38,2.84
SCR_A_W_07_Zakkyo_02,A,AD_AkaiMotors.png,W,stack,1,10.0,5.0
SCR_A_W_07_Zakkyo_03,A,AD_SynthFM.png,W,stack,1,10.0,5.0
SCR_A_W_07_Zakkyo_04,A,AD_MindUpload.png,W,stack,1,10.0,5.0
SCR_A_W_07_Zakkyo_05,A,AD_HexLeague.png,W,rooftop,1,45.53,22.77
SCR_A_W_08_Zakkyo_01,A,AD_TipOff.png,X,storefront,1,6.81,1.7
SCR_A_W_09_Arcade_01,A,AD_MiraiBank.png,X,storefront,1,8.42,2.1
SCR_A_W_09_Arcade_02,A,AD_SushiSpeed.png,W,arcade,1,18.0,9.0
SCR_A_W_09_Arcade_03,A,AD_NekoNet.png,T,arcade,1,4.5,9.0
SCR_A_W_09_Arcade_04,A,AD_ScanMe.png,Q,arcade,1,7.0,7.0
SCR_A_W_09_Arcade_05,A,AD_KirinDeck.png,W,arcade,1,14.0,7.0
SCR_A_W_09_Arcade_06,A,AD_ScanMe.png,Q,arcade,1,7.0,7.0
SCR_A_W_09_Arcade_07,A,AD_MindUpload.png,W,arcade,1,14.0,7.0
SCR_A_W_09_Arcade_08,A,AD_NekoNet.png,T,arcade,1,3.5,7.0
SCR_A_W_09_Arcade_09,A,AD_Pachinko.png,T,arcade,1,3.5,7.0
SCR_A_W_09_Arcade_10,A,AD_Hanabi.png,Q,arcade,1,9.0,9.0
SCR_A_W_09_Arcade_11,A,AD_OkamiArms.png,T,arcade,1,4.5,9.0
SCR_A_W_09_Arcade_12,A,AD_Onigiri24.png,Q,arcade,1,9.0,9.0
SCR_A_W_09_Arcade_13,A,AD_AkaiMotors.png,W,arcade,1,22.0,11.0
SCR_A_W_09_Arcade_14,A,AD_Karaoke24.png,Q,arcade,1,9.0,9.0
SCR_A_W_09_Arcade_15,A,AD_PlayHex.png,W,arcade,1,18.0,9.0
SCR_A_W_09_Arcade_16,A,AD_TipOff.png,X,arcade,1,26.4,6.6
SCR_A_W_10_Louver_01,A,AD_KoiAir.png,X,storefront,1,10.64,2.66
SCR_A_W_12_Mansion_01,A,AD_RamenIchiban.png,X,storefront,1,7.32,1.83
SCR_A_W_12_Mansion_02,A,AD_KirinDeck.png,W,stack,1,10.0,5.0
SCR_A_W_12_Mansion_03,A,AD_SushiSpeed.png,W,stack,1,10.0,5.0
SCR_A_W_13_Pencil_01,A,AD_MatchaPlus.png,S,giant,1,4.52,18.06
SCR_A_W_14_Zakkyo_01,A,AD_PlayHex.png,W,cantilever,1,19.21,9.6
SCR_A_W_15_Low_01,A,AD_AkaiMotors.png,W,rooftop,1,22.44,11.22
SCR_A_W_16_LMBlock_01,A,AD_NewsTicker.png,X,storefront,1,5.55,1.39
SCR_A_W_16_LMBlock_02,A,AD_DataStream.png,X,storefront,1,8.01,2.0
SCR_A_W_16_LMBlock_03,A,AD_NanoMed.png,X,storefront,1,11.99,3.0
SCR_A_W_16_LMBlock_04,A,AD_MiraiBank.png,X,storefront,1,8.89,2.22
SCR_A_W_16_LMBlock_05,A,AD_DenkiCola.png,T,giant,1,55.15,100.0
SCR_A_W_16_LMBlock_06,A,AD_MegaSale.png,W,layered,1,22.0,11.0
SCR_A_W_16_LMBlock_07,A,AD_NexusAndroids.png,T,sky,1,97.15,194.3
SCR_A_W_17_Modern_01,A,AD_YumeOptics.png,W,cantilever,1,39.21,19.6
SCR_A_W_18_Mansion_01,A,AD_TipOff.png,X,storefront,1,4.33,1.08
SCR_A_W_18_Mansion_02,A,AD_MindUpload.png,W,stack,1,10.0,5.0
SCR_A_W_18_Mansion_03,A,AD_SynthFM.png,W,stack,1,10.0,5.0
SCR_A_W_19_Zakkyo_01,A,AD_NekoNet.png,T,giant,1,15.28,30.57
SCR_A_W_20_Pencil_01,A,AD_HoloKoi.png,S,giant,1,4.82,19.29
SCR_A_W_22_Zakkyo_01,A,AD_KirinDeck.png,W,cantilever,1,15.62,7.81
SCR_A_W_22_Zakkyo_02,A,AD_VoltRunner.png,W,crown,1,15.62,7.81
SCR_B_E_01_01,B,AD_HexLeague.png,W,mg_facade,1,25.99,12.99
SCR_B_E_02_01H,B,AD_Cyber.png,S,holo,1,8.0,46.8
SCR_B_E_02_02H,B,AD_Tokyo2099.png,S,holo,1,8.0,46.8
SCR_B_E_02_03,B,AD_HexLeague.png,W,rooftop,1,45.7,22.85
SCR_B_E_04_01,B,AD_MindUpload.png,W,mg_facade,1,51.71,25.85
SCR_B_E_06_01H,B,AD_MatchaPlus.png,S,holo,1,8.0,60.0
SCR_B_E_06_02H,B,AD_HoloDancer.png,S,holo,1,8.0,60.0
SCR_B_E_07_01,B,AD_KitsuneMask.png,Q,mg_facade,1,37.37,42.5
SCR_B_E_08_01H,B,AD_HoloKoi.png,S,holo,1,8.0,51.6
SCR_B_E_08_02H,B,AD_BladeEdge.png,S,holo,1,8.0,51.6
SCR_B_E_09_01,B,AD_PlayHex.png,W,rooftop,1,42.29,21.14
SCR_B_E_10_01H,B,AD_HoloDancer.png,S,holo,1,8.0,60.0
SCR_B_E_10_02H,B,AD_Cyber.png,S,holo,1,8.0,60.0
SCR_B_E_11_01H,B,AD_Cyber.png,S,holo,1,8.0,60.0
SCR_B_E_11_02H,B,AD_HoloDancer.png,S,holo,1,8.0,60.0
SCR_B_E_12_01,B,AD_OkamiArms.png,T,mg_facade,1,69.0,138.0
SCR_B_E_13_01H,B,AD_HoloKoi.png,S,holo,1,8.0,60.0
SCR_B_E_13_02H,B,AD_BladeEdge.png,S,holo,1,8.0,60.0
SCR_B_E_14_01,B,AD_KirinDeck.png,W,mg_facade,1,52.59,26.3
SCR_B_E_14_02,B,AD_SushiSpeed.png,W,rooftop,1,43.88,21.94
SCR_B_E_15_01,B,AD_ArashiSec.png,T,mg_facade,1,59.24,118.47
SCR_B_E_15_02,B,AD_MindUpload.png,W,rooftop,1,53.23,26.61
SCR_B_E_17_01,B,AD_VoltRunner.png,W,mg_facade,1,44.22,22.11
SCR_B_E_19_01,B,AD_ArashiSec.png,T,mg_facade,1,23.94,42.5
SCR_B_E_21_01H,B,AD_MatchaPlus.png,S,holo,1,8.0,60.0
SCR_B_E_21_02H,B,AD_HoloDancer.png,S,holo,1,8.0,60.0
SCR_B_E_22_01H,B,AD_Tokyo2099.png,S,holo,1,8.0,46.8
SCR_B_E_22_02H,B,AD_HoloKoi.png,S,holo,1,8.0,46.8
SCR_B_E_23_01H,B,AD_MatchaPlus.png,S,holo,1,8.0,60.0
SCR_B_E_23_02H,B,AD_Tokyo2099.png,S,holo,1,8.0,60.0
SCR_B_E_23_03,B,AD_MegaSale.png,W,crown,1,23.23,11.61
SCR_B_Mega_01_01,B,AD_ArashiSec.png,T,mega,1,61.65,123.29
SCR_B_Mega_02_01,B,AD_DenkiCola.png,T,mega,1,70.0,140.0
SCR_B_Mega_03_01,B,AD_Pachinko.png,T,mega,1,69.75,139.51
SCR_B_Mega_04_01,B,AD_HexLeagueTall.png,T,mega,1,68.26,136.53
SCR_B_Mega_05_01,B,AD_ArashiSec.png,T,mega,1,70.0,140.0
SCR_B_Mega_06_01,B,AD_DenkiCola.png,T,mega,1,64.57,129.13
SCR_B_Mega_07_01,B,AD_HexLeagueTall.png,T,mega,1,66.77,133.53
SCR_B_Mega_08_01,B,AD_NekoNet.png,T,mega,1,62.11,124.22
SCR_B_Mega_09_01,B,AD_NexusAndroids.png,T,mega,1,67.85,135.7
SCR_B_Mega_10_01,B,AD_OkamiArms.png,T,mega,1,66.93,133.87
SCR_B_Mega_11_01,B,AD_AikoLive.png,T,mega,1,69.09,138.18
SCR_B_Mega_12_01,B,AD_HexLeagueTall.png,T,mega,1,68.19,136.37
SCR_B_N_02_01H,B,AD_Cyber.png,S,holo,1,8.0,51.6
SCR_B_N_02_02H,B,AD_BladeEdge.png,S,holo,1,8.0,51.6
SCR_B_N_04_01H,B,AD_HoloDancer.png,S,holo,1,8.0,46.8
SCR_B_N_04_02H,B,AD_Tokyo2099.png,S,holo,1,8.0,46.8
SCR_B_N_05_01,B,AD_OrbitalResorts.png,Q,mg_facade,1,48.05,62.9
SCR_B_N_05_02,B,AD_YumeOptics.png,W,rooftop,1,38.19,19.1
SCR_B_N_07_01H,B,AD_MatchaPlus.png,S,holo,1,8.0,60.0
SCR_B_N_07_02H,B,AD_Cyber.png,S,holo,1,8.0,60.0
SCR_B_N_08_01,B,AD_Pachinko.png,T,mg_facade,1,39.53,79.06
SCR_B_N_08_02,B,AD_SynthFM.png,W,rooftop,1,27.87,13.93
SCR_B_N_09_01,B,AD_SushiSpeed.png,W,mg_facade,1,65.45,32.72
SCR_B_N_10_01,B,AD_NoirParfum.png,T,mg_facade,1,54.43,108.86
SCR_B_N_11_01,B,AD_VoltRunner.png,W,rooftop,1,18.22,9.11
SCR_B_N_12_01H,B,AD_HoloKoi.png,S,holo,1,8.0,46.8
SCR_B_N_12_02H,B,AD_BladeEdge.png,S,holo,1,8.0,46.8
SCR_B_N_13_01,B,AD_MindUpload.png,W,rooftop,1,41.57,20.78
SCR_B_N_14_01,B,AD_YumeOptics.png,W,mg_facade,1,39.29,19.65
SCR_B_N_14_02,B,AD_KirinDeck.png,W,rooftop,1,25.33,12.66
SCR_B_N_15_01H,B,AD_BladeEdge.png,S,holo,1,8.0,58.8
SCR_B_N_15_02H,B,AD_HoloKoi.png,S,holo,1,8.0,58.8
SCR_B_N_16_01,B,AD_HexLeague.png,W,mg_facade,1,30.6,15.3
SCR_B_N_18_01H,B,AD_MatchaPlus.png,S,holo,1,8.0,60.0
SCR_B_N_18_02H,B,AD_BladeEdge.png,S,holo,1,8.0,60.0
SCR_B_N_19_01,B,AD_SakuraLink.png,W,mg_facade,1,29.45,14.73
SCR_B_N_20_01H,B,AD_Tokyo2099.png,S,holo,1,8.0,60.0
SCR_B_N_20_02H,B,AD_HoloDancer.png,S,holo,1,8.0,60.0
SCR_B_N_21_01,B,AD_PlayHex.png,W,rooftop,1,53.88,26.94
SCR_B_N_22_01,B,AD_AkaiMotors.png,W,mg_facade,1,43.58,21.79
SCR_B_N_22_02,B,AD_YumeOptics.png,W,rooftop,1,34.89,17.44
SCR_B_N_23_01,B,AD_SynthFM.png,W,mg_facade,1,40.02,20.01
SCR_B_N_23_02,B,AD_MindUpload.png,W,crown,1,30.64,15.32
SCR_B_N_24_01H,B,AD_Cyber.png,S,holo,1,8.0,58.8
SCR_B_N_24_02H,B,AD_BladeEdge.png,S,holo,1,8.0,58.8
SCR_B_N_24_03,B,AD_VoltRunner.png,W,rooftop,1,30.64,15.32
SCR_B_N_25_01,B,AD_KirinDeck.png,W,mg_facade,1,34.03,17.02
SCR_B_N_25_02,B,AD_HexLeague.png,W,rooftop,1,25.12,12.56
SCR_B_N_28_01H,B,AD_Tokyo2099.png,S,holo,1,8.0,60.0
SCR_B_N_28_02H,B,AD_MatchaPlus.png,S,holo,1,8.0,60.0
SCR_B_N_29_01H,B,AD_Cyber.png,S,holo,1,8.0,58.8
SCR_B_N_29_02H,B,AD_BladeEdge.png,S,holo,1,8.0,58.8
SCR_B_N_30_01H,B,AD_Tokyo2099.png,S,holo,1,8.0,58.8
SCR_B_N_30_02H,B,AD_HoloKoi.png,S,holo,1,8.0,58.8
SCR_B_N_32_01H,B,AD_HoloDancer.png,S,holo,1,8.0,46.8
SCR_B_N_32_02H,B,AD_HoloDancer.png,S,holo,1,8.0,46.8
SCR_B_N_33_01,B,AD_PlayHex.png,W,mg_facade,1,28.37,14.18
SCR_B_N_33_02,B,AD_SakuraLink.png,W,rooftop,1,23.74,11.87
SCR_B_S_01_01,B,AD_SakuraLink.png,W,rooftop,1,20.24,10.12
SCR_B_S_02_01H,B,AD_HoloKoi.png,S,holo,1,8.0,60.0
SCR_B_S_02_02H,B,AD_MatchaPlus.png,S,holo,1,8.0,60.0
SCR_B_S_04_01H,B,AD_Cyber.png,S,holo,1,8.0,46.8
SCR_B_S_04_02H,B,AD_Tokyo2099.png,S,holo,1,8.0,46.8
SCR_B_S_05_01,B,AD_SushiSpeed.png,W,mg_facade,1,32.57,16.29
SCR_B_S_05_02,B,AD_YumeOptics.png,W,rooftop,1,22.65,11.33
SCR_B_S_06_01H,B,AD_HoloDancer.png,S,holo,1,8.0,60.0
SCR_B_S_06_02H,B,AD_BladeEdge.png,S,holo,1,8.0,60.0
SCR_B_S_07_01,B,AD_Pachinko.png,T,mg_facade,1,45.0,89.99
SCR_B_S_09_01H,B,AD_MatchaPlus.png,S,holo,1,8.0,60.0
SCR_B_S_09_02H,B,AD_HoloKoi.png,S,holo,1,8.0,60.0
SCR_B_S_10_01,B,AD_HexLeagueTall.png,T,mg_facade,1,34.1,62.9
SCR_B_S_11_01,B,AD_OrbitalResorts.png,Q,mg_facade,1,46.02,42.5
SCR_B_S_12_01,B,AD_AkaiMotors.png,W,mg_facade,1,42.23,21.12
SCR_B_S_14_01H,B,AD_Cyber.png,S,holo,1,8.0,51.6
SCR_B_S_14_02H,B,AD_HoloKoi.png,S,holo,1,8.0,51.6
SCR_B_S_15_01,B,AD_MegaSale.png,W,rooftop,1,21.79,10.89
SCR_B_S_16_01,B,AD_YumeOptics.png,W,mg_facade,1,46.05,23.03
SCR_B_S_16_02,B,AD_KirinDeck.png,W,rooftop,1,35.59,17.79
SCR_B_S_17_01,B,AD_NekoNet.png,T,mg_facade,1,47.85,95.71
SCR_B_S_22_01,B,AD_VoltRunner.png,W,rooftop,1,49.25,24.63
SCR_B_S_26_01,B,AD_HexLeague.png,W,mg_facade,1,53.89,26.95
SCR_B_S_28_01H,B,AD_Tokyo2099.png,S,holo,1,8.0,51.6
SCR_B_S_28_02H,B,AD_MatchaPlus.png,S,holo,1,8.0,51.6
SCR_B_S_28_03,B,AD_SynthFM.png,W,rooftop,1,34.31,17.15
SCR_B_S_29_01,B,AD_AkaiMotors.png,W,mg_facade,1,28.33,14.16
SCR_B_S_29_02,B,AD_PlayHex.png,W,crown,1,16.22,8.11
SCR_B_S_30_01,B,AD_Titan3.png,P,crown,1,43.18,17.1
SCR_B_S_31_01H,B,AD_BladeEdge.png,S,holo,1,8.0,60.0
SCR_B_S_31_02H,B,AD_HoloDancer.png,S,holo,1,8.0,60.0
SCR_B_S_32_01,B,AD_MegaSale.png,W,rooftop,1,31.94,15.97
SCR_B_S_33_01,B,AD_MegaSale.png,W,crown,1,19.77,9.88
SCR_B_Sky_E0_N2_near_01,B,AD_SakuraLink.png,W,skyline,1,58.07,29.03
SCR_B_Sky_E0_N3_near_01,B,AD_SushiSpeed.png,W,skyline,1,68.93,34.46
SCR_B_Sky_E0_N3_near_02,B,AD_PlayHex.png,W,skyline,1,61.0,30.5
SCR_B_Sky_E0_S2_near_01,B,AD_SynthFM.png,W,skyline,1,73.84,36.92
SCR_B_Sky_E0_S2_near_02,B,AD_HexLeague.png,W,skyline,1,64.88,32.44
SCR_B_Sky_E0_S2_near_03,B,AD_YumeOptics.png,W,skyline,1,60.63,30.32
SCR_B_Sky_E1_N2_near_01,B,AD_MindUpload.png,W,skyline,1,74.93,37.47
SCR_B_Sky_E1_N2_near_02,B,AD_SakuraLink.png,W,skyline,1,52.47,26.23
SCR_B_Sky_E1_S2_near_01,B,AD_AkaiMotors.png,W,skyline,1,68.61,34.3
SCR_B_Sky_E1_S2_near_02,B,AD_SynthFM.png,W,skyline,1,57.76,28.88
SCR_B_Sky_E1_S3_near_01,B,AD_SushiSpeed.png,W,skyline,1,66.11,33.05
SCR_B_Sky_E2_N0_near_01,B,AD_KirinDeck.png,W,skyline,1,66.29,33.15
SCR_B_Sky_E2_N1_near_01,B,AD_SynthFM.png,W,skyline,1,43.83,21.92
SCR_B_Sky_E2_N1_near_02,B,AD_KirinDeck.png,W,skyline,1,61.01,30.5
SCR_B_Sky_E2_N2_near_01,B,AD_MegaSale.png,W,skyline,1,51.19,25.59
SCR_B_Sky_E2_N2_near_02,B,AD_SushiSpeed.png,W,skyline,1,62.67,31.33
SCR_B_Sky_E2_N3_near_01,B,AD_HexLeague.png,W,skyline,1,40.73,20.36
SCR_B_Sky_E2_S1_near_01,B,AD_MegaSale.png,W,skyline,1,75.22,37.61
SCR_B_Sky_E2_S1_near_02,B,AD_AkaiMotors.png,W,skyline,1,50.87,25.43
SCR_B_Sky_E2_S2_near_01,B,AD_AkaiMotors.png,W,skyline,1,53.96,26.98
SCR_B_Sky_E3_N0_near_01,B,AD_SakuraLink.png,W,skyline,1,43.06,21.53
SCR_B_Sky_E3_N1_near_01,B,AD_HexLeague.png,W,skyline,1,58.03,29.02
SCR_B_Sky_E3_N2_near_01,B,AD_PlayHex.png,W,skyline,1,60.07,30.03
SCR_B_Sky_E3_N2_near_02,B,AD_YumeOptics.png,W,skyline,1,68.56,34.28
SCR_B_Sky_E3_S1_near_01,B,AD_MindUpload.png,W,skyline,1,57.51,28.76
SCR_B_Sky_E3_S2_near_01,B,AD_HexLeague.png,W,skyline,1,76.38,38.19
SCR_B_Sky_E3_S2_near_02,B,AD_MindUpload.png,W,skyline,1,51.37,25.68
SCR_B_Sky_W1_N2_near_01,B,AD_PlayHex.png,W,skyline,1,57.05,28.52
SCR_B_Sky_W1_N3_near_01,B,AD_VoltRunner.png,W,skyline,1,65.83,32.91
SCR_B_Sky_W1_S2_near_01,B,AD_KirinDeck.png,W,skyline,1,38.62,19.31
SCR_B_Sky_W2_N0_near_01,B,AD_MindUpload.png,W,skyline,1,79.41,39.7
SCR_B_Sky_W2_N0_near_02,B,AD_AkaiMotors.png,W,skyline,1,66.57,33.29
SCR_B_Sky_W2_N0_near_03,B,AD_KirinDeck.png,W,skyline,1,58.79,29.39
SCR_B_Sky_W2_N0_near_04,B,AD_PlayHex.png,W,skyline,1,77.62,38.81
SCR_B_Sky_W2_N0_near_05,B,AD_HexLeague.png,W,skyline,1,74.47,37.23
SCR_B_Sky_W2_N1_near_01,B,AD_SynthFM.png,W,skyline,1,58.49,29.25
SCR_B_Sky_W2_N1_near_02,B,AD_MegaSale.png,W,skyline,1,70.54,35.27
SCR_B_Sky_W2_N2_near_01,B,AD_YumeOptics.png,W,skyline,1,47.15,23.57
SCR_B_Sky_W2_S1_near_01,B,AD_SakuraLink.png,W,skyline,1,68.41,34.2
SCR_B_Sky_W2_S2_near_01,B,AD_SushiSpeed.png,W,skyline,1,68.43,34.21
SCR_B_Sky_W2_S2_near_02,B,AD_MegaSale.png,W,skyline,1,45.48,22.74
SCR_B_Sky_W3_N1_near_01,B,AD_SakuraLink.png,W,skyline,1,42.1,21.05
SCR_B_Sky_W3_N2_near_01,B,AD_YumeOptics.png,W,skyline,1,62.58,31.29
SCR_B_Sky_W3_N2_near_02,B,AD_VoltRunner.png,W,skyline,1,56.19,28.09
SCR_B_Sky_W3_S1_near_01,B,AD_SynthFM.png,W,skyline,1,55.51,27.76
SCR_B_W_01_01,B,AD_SushiSpeed.png,W,rooftop,1,60.0,30.0
SCR_B_W_03_01H,B,AD_Cyber.png,S,holo,1,8.0,60.0
SCR_B_W_03_02H,B,AD_HoloDancer.png,S,holo,1,8.0,60.0
SCR_B_W_04_01,B,AD_KirinDeck.png,W,mg_facade,1,42.83,21.42
SCR_B_W_05_01,B,AD_MegaSale.png,W,rooftop,1,59.28,29.64
SCR_B_W_06_01,B,AD_NeonNoodle.png,Q,mg_facade,1,49.43,42.5
SCR_B_W_07_01,B,AD_YumeOptics.png,W,rooftop,1,23.52,11.76
SCR_B_W_08_01,B,AD_SushiSpeed.png,W,rooftop,1,60.0,30.0
SCR_B_W_09_01,B,AD_NexusAndroids.png,T,mg_facade,1,42.18,84.36
SCR_B_W_09_02,B,AD_VoltRunner.png,W,rooftop,1,53.41,26.7
SCR_B_W_10_01,B,AD_AikoLive.png,T,mg_facade,1,29.57,59.15
SCR_B_W_12_01,B,AD_AkaiMotors.png,W,rooftop,1,36.76,18.38
SCR_B_W_13_01H,B,AD_Tokyo2099.png,S,holo,1,8.0,60.0
SCR_B_W_13_02H,B,AD_BladeEdge.png,S,holo,1,8.0,60.0
SCR_B_W_14_01,B,AD_AkaiMotors.png,W,crown,1,33.97,16.98
SCR_B_W_15_01,B,AD_AikoLive.png,T,mg_facade,1,48.68,97.35
SCR_B_W_18_01,B,AD_MindUpload.png,W,rooftop,1,37.3,18.65
SCR_B_W_19_01,B,AD_OkamiArms.png,T,mg_facade,1,54.03,103.7
SCR_B_W_20_01,B,AD_MindUpload.png,W,rooftop,1,29.56,14.78
SCR_B_W_21_01H,B,AD_HoloKoi.png,S,holo,1,8.0,51.6
SCR_B_W_21_02H,B,AD_MatchaPlus.png,S,holo,1,8.0,51.6
SCR_B_W_22_01H,B,AD_Cyber.png,S,holo,1,8.0,51.6
SCR_B_W_22_02H,B,AD_Tokyo2099.png,S,holo,1,8.0,51.6
SCR_B_W_22_03,B,AD_PlayHex.png,W,rooftop,1,30.13,15.06
